user_id,dataset,attribute,obs,ibs,quadrant
100086,goodreads,age,0.635594,0.0011223105566734919,Q4_low_output_high_internal
100174,goodreads,age,0.834779,0.0009550562469719988,Q1_high_output_low_internal
100185,goodreads,age,0.473912,0.0009924580498548918,Q4_low_output_high_internal
100273,goodreads,age,1.0,0.001141090165249161,Q2_high_output_high_internal
100389,goodreads,age,0.553819,0.0009266778471791806,Q3_low_output_low_internal
10052,goodreads,age,0.723611,0.0009654113962839865,Q3_low_output_low_internal
100548,goodreads,age,1.0,0.001017525163831971,Q2_high_output_high_internal
100649,goodreads,age,0.813341,0.0011564495821357928,Q2_high_output_high_internal
100809,goodreads,age,0.582425,0.001052455317948623,Q4_low_output_high_internal
100960,goodreads,age,0.874716,0.0010751849885742395,Q2_high_output_high_internal
101104,goodreads,age,0.651015,0.0011541575973972313,Q4_low_output_high_internal
101155,goodreads,age,0.550752,0.0009262866097272473,Q3_low_output_low_internal
101510,goodreads,age,0.453456,0.000848148823773347,Q3_low_output_low_internal
101527,goodreads,age,0.499661,0.0011222800270448588,Q4_low_output_high_internal
101621,goodreads,age,0.729716,0.000978533259040579,Q1_high_output_low_internal
101635,goodreads,age,0.624372,0.0008613976599388732,Q3_low_output_low_internal
101896,goodreads,age,0.534506,0.0007925008514415357,Q3_low_output_low_internal
101985,goodreads,age,0.656179,0.0011258505487310132,Q4_low_output_high_internal
102022,goodreads,age,0.537826,0.0009496066661384521,Q3_low_output_low_internal
102129,goodreads,age,0.644083,0.000959915428200078,Q3_low_output_low_internal
102368,goodreads,age,0.550822,0.0012135317298191382,Q4_low_output_high_internal
102393,goodreads,age,0.707791,0.00101242393266612,Q4_low_output_high_internal
102482,goodreads,age,0.561411,0.0008396654022248416,Q3_low_output_low_internal
102486,goodreads,age,0.510181,0.0011073926429054,Q4_low_output_high_internal
102594,goodreads,age,1.0,0.000935099625231409,Q1_high_output_low_internal
102752,goodreads,age,0.901716,0.0009997813022181463,Q2_high_output_high_internal
102928,goodreads,age,1.0,0.0009373326124949481,Q1_high_output_low_internal
102986,goodreads,age,0.764561,0.0008603383920350108,Q1_high_output_low_internal
102994,goodreads,age,0.610294,0.0012058400127462118,Q4_low_output_high_internal
103038,goodreads,age,0.589265,0.0013115184109593276,Q4_low_output_high_internal
103370,goodreads,age,0.826463,0.0010480242292782418,Q2_high_output_high_internal
103443,goodreads,age,0.422685,0.0011149044825928215,Q4_low_output_high_internal
103596,goodreads,age,0.593233,0.0007684508486762757,Q3_low_output_low_internal
103601,goodreads,age,0.866126,0.0012502289822151926,Q2_high_output_high_internal
103995,goodreads,age,0.874716,0.0010117514558657624,Q2_high_output_high_internal
104007,goodreads,age,0.956475,0.0009225063724329413,Q1_high_output_low_internal
104009,goodreads,age,0.904162,0.0009363351143883564,Q1_high_output_low_internal
104061,goodreads,age,0.961258,0.0008950085866998858,Q1_high_output_low_internal
104157,goodreads,age,0.519024,0.0007139733753970839,Q3_low_output_low_internal
104203,goodreads,age,0.749657,0.0008884566579674764,Q1_high_output_low_internal
104321,goodreads,age,1.0,0.0011692411842319278,Q2_high_output_high_internal
104517,goodreads,age,0.691883,0.0009155295044266543,Q3_low_output_low_internal
104530,goodreads,age,0.881199,0.001099550535430328,Q2_high_output_high_internal
104533,goodreads,age,1.0,0.0008459534382206063,Q1_high_output_low_internal
104937,goodreads,age,0.821657,0.0011372405563615118,Q2_high_output_high_internal
105014,goodreads,age,1.0,0.0012753208515086582,Q2_high_output_high_internal
105037,goodreads,age,0.942904,0.0010618460482218822,Q2_high_output_high_internal
105067,goodreads,age,1.0,0.001010685833836582,Q2_high_output_high_internal
105104,goodreads,age,0.469105,0.0010858176351131751,Q4_low_output_high_internal
105141,goodreads,age,0.44871,0.0010320604580885016,Q4_low_output_high_internal
105314,goodreads,age,0.819449,0.0008917587495284165,Q1_high_output_low_internal
105388,goodreads,age,0.398931,0.0009822382560215382,Q3_low_output_low_internal
105590,goodreads,age,0.870437,0.0009944850374136245,Q2_high_output_high_internal
105683,goodreads,age,0.500799,0.0008557597566693925,Q3_low_output_low_internal
105733,goodreads,age,0.874716,0.0008646583603728199,Q1_high_output_low_internal
105874,goodreads,age,0.894321,0.000939354033128458,Q1_high_output_low_internal
105935,goodreads,age,1.0,0.0013636931315955908,Q2_high_output_high_internal
10596,goodreads,age,0.729716,0.0007442612158609937,Q1_high_output_low_internal
106167,goodreads,age,0.862974,0.0009003368513021276,Q1_high_output_low_internal
106195,goodreads,age,0.442565,0.0009294498672912173,Q3_low_output_low_internal
10620,goodreads,age,0.950496,0.0008876952305414531,Q1_high_output_low_internal
106237,goodreads,age,0.870437,0.001008864932576281,Q2_high_output_high_internal
106313,goodreads,age,0.776432,0.0010166478483716885,Q2_high_output_high_internal
106381,goodreads,age,1.0,0.0010393623442713947,Q2_high_output_high_internal
1064,goodreads,age,0.531817,0.0011483826462296018,Q4_low_output_high_internal
106409,goodreads,age,0.485961,0.0010599656297936245,Q4_low_output_high_internal
106422,goodreads,age,0.513119,0.0010209276631476289,Q4_low_output_high_internal
106429,goodreads,age,0.686191,0.0008779942959395704,Q3_low_output_low_internal
106433,goodreads,age,0.71475,0.0008303064979631169,Q3_low_output_low_internal
106635,goodreads,age,0.706131,0.0012096899467654663,Q4_low_output_high_internal
106932,goodreads,age,1.0,0.0010282583961587035,Q2_high_output_high_internal
106985,goodreads,age,0.652399,0.0010127151448457137,Q4_low_output_high_internal
10701,goodreads,age,0.775708,0.001044658848264096,Q2_high_output_high_internal
107018,goodreads,age,0.776432,0.0008576057519265657,Q1_high_output_low_internal
107127,goodreads,age,0.571108,0.0010633556020537523,Q4_low_output_high_internal
107144,goodreads,age,1.0,0.00093713373165009,Q1_high_output_low_internal
107223,goodreads,age,0.729716,0.0009964224791367592,Q2_high_output_high_internal
107236,goodreads,age,0.801095,0.0011629503681740163,Q2_high_output_high_internal
107471,goodreads,age,0.493969,0.001279101840143567,Q4_low_output_high_internal
107514,goodreads,age,0.504315,0.001038987518073381,Q4_low_output_high_internal
107605,goodreads,age,0.415565,0.0010611953310051146,Q4_low_output_high_internal
107683,goodreads,age,0.720587,0.0008051087297775739,Q3_low_output_low_internal
107747,goodreads,age,1.0,0.000961921924545338,Q1_high_output_low_internal
107838,goodreads,age,0.635629,0.0009327870207443166,Q3_low_output_low_internal
107856,goodreads,age,0.901716,0.0008475372023991521,Q1_high_output_low_internal
107871,goodreads,age,0.961258,0.0009804351419760457,Q1_high_output_low_internal
107892,goodreads,age,0.854658,0.0010094845326131207,Q2_high_output_high_internal
107978,goodreads,age,0.581928,0.0007854386362318624,Q3_low_output_low_internal
108088,goodreads,age,0.725947,0.0008883700933913918,Q3_low_output_low_internal
108185,goodreads,age,0.579891,0.0009595285012787147,Q3_low_output_low_internal
108198,goodreads,age,0.649657,0.0010445220082808807,Q4_low_output_high_internal
108228,goodreads,age,1.0,0.001166726536447807,Q2_high_output_high_internal
108239,goodreads,age,0.835974,0.0009735402103695167,Q1_high_output_low_internal
10824,goodreads,age,0.504315,0.0009882506491885599,Q3_low_output_low_internal
108298,goodreads,age,0.394809,0.0009998100567678284,Q4_low_output_high_internal
108646,goodreads,age,0.807779,0.0008776268495560534,Q1_high_output_low_internal
108878,goodreads,age,0.84462,0.0008300993124824529,Q1_high_output_low_internal
10893,goodreads,age,0.852212,0.0009848977185190617,Q1_high_output_low_internal
109026,goodreads,age,0.519601,0.0009582704200264818,Q3_low_output_low_internal
109042,goodreads,age,0.670752,0.0008965265192517464,Q3_low_output_low_internal
100086,goodreads,gender,0.762779,0.0005973409747160589,Q2_high_output_high_internal
100174,goodreads,gender,1.0,0.0003844134541792977,Q1_high_output_low_internal
100185,goodreads,gender,1.0,0.0005897002227017699,Q2_high_output_high_internal
100273,goodreads,gender,0.933063,0.0005871719148940202,Q2_high_output_high_internal
100389,goodreads,gender,0.765505,0.000544547259929442,Q2_high_output_high_internal
10052,goodreads,gender,0.579973,0.0005715025944365097,Q4_low_output_high_internal
100548,goodreads,gender,0.574336,0.0004921301826121843,Q3_low_output_low_internal
100649,goodreads,gender,0.811133,0.000471617643996429,Q1_high_output_low_internal
100809,goodreads,gender,0.684409,0.0004156061414225186,Q3_low_output_low_internal
100960,goodreads,gender,0.806406,0.000775021998093914,Q2_high_output_high_internal
101104,goodreads,gender,0.686991,0.000552849299450464,Q4_low_output_high_internal
101155,goodreads,gender,0.567277,0.000554663399876328,Q4_low_output_high_internal
101510,goodreads,gender,0.58591,0.0005615068869786572,Q4_low_output_high_internal
101527,goodreads,gender,0.961258,0.0007032334219194118,Q2_high_output_high_internal
101621,goodreads,gender,0.484435,0.0005825911682436395,Q4_low_output_high_internal
101635,goodreads,gender,0.880928,0.0008043686018430207,Q2_high_output_high_internal
101896,goodreads,gender,0.911754,0.0004521681263001911,Q1_high_output_low_internal
101985,goodreads,gender,0.956475,0.0005317553474118902,Q2_high_output_high_internal
102022,goodreads,gender,0.637494,0.0008038985759630423,Q4_low_output_high_internal
102129,goodreads,gender,0.870411,0.00045920511422964096,Q1_high_output_low_internal
102368,goodreads,gender,0.729716,0.000429280098779871,Q1_high_output_low_internal
102393,goodreads,gender,1.0,0.0004470681959163087,Q1_high_output_low_internal
102482,goodreads,gender,0.729716,0.00041467397102352564,Q1_high_output_low_internal
102486,goodreads,gender,0.53921,0.001399180076649158,Q4_low_output_high_internal
102594,goodreads,gender,0.942904,0.0004888192415379206,Q1_high_output_low_internal
102752,goodreads,gender,0.587906,0.0005615854092935654,Q4_low_output_high_internal
102928,goodreads,gender,1.0,0.0006582478577539417,Q2_high_output_high_internal
102986,goodreads,gender,0.911754,0.00047229832832351574,Q1_high_output_low_internal
102994,goodreads,gender,0.536874,0.0005360373544178441,Q4_low_output_high_internal
103038,goodreads,gender,0.670116,0.0008148726053546962,Q4_low_output_high_internal
103370,goodreads,gender,0.875967,0.00040197638503248285,Q1_high_output_low_internal
103443,goodreads,gender,0.523416,0.00096909089327442,Q4_low_output_high_internal
103596,goodreads,gender,0.228177,0.0003826629096768397,Q3_low_output_low_internal
103601,goodreads,gender,0.933063,0.0004947834129393096,Q1_high_output_low_internal
103995,goodreads,gender,0.560906,0.0007598646311854973,Q4_low_output_high_internal
104007,goodreads,gender,0.695864,0.0007180691611123329,Q4_low_output_high_internal
104009,goodreads,gender,0.502336,0.0005955264385637077,Q4_low_output_high_internal
104061,goodreads,gender,1.0,0.0006399263501745563,Q2_high_output_high_internal
104157,goodreads,gender,0.495221,0.0004197031261590184,Q3_low_output_low_internal
104203,goodreads,gender,0.942904,0.0007966021647154659,Q2_high_output_high_internal
104321,goodreads,gender,0.704432,0.000907339069616879,Q4_low_output_high_internal
104517,goodreads,gender,0.829716,0.0006006976565904953,Q2_high_output_high_internal
104530,goodreads,gender,0.844554,0.0005296554745128814,Q2_high_output_high_internal
104533,goodreads,gender,0.917733,0.0004601700634821024,Q1_high_output_low_internal
104937,goodreads,gender,0.741805,0.0005048181107695002,Q1_high_output_low_internal
105014,goodreads,gender,0.961258,0.0005324425232187052,Q2_high_output_high_internal
105037,goodreads,gender,0.780578,0.00048636713906228906,Q1_high_output_low_internal
105067,goodreads,gender,0.796509,0.0004921509455913956,Q1_high_output_low_internal
105104,goodreads,gender,0.554928,0.00045183936279372984,Q3_low_output_low_internal
105141,goodreads,gender,0.479951,0.0005242267700855438,Q3_low_output_low_internal
105314,goodreads,gender,0.794822,0.0006022019386661311,Q2_high_output_high_internal
105388,goodreads,gender,0.557009,0.0006020423896113329,Q4_low_output_high_internal
105590,goodreads,gender,0.566941,0.00043453733987104616,Q3_low_output_low_internal
105683,goodreads,gender,0.542436,0.00042885422608735836,Q3_low_output_low_internal
105733,goodreads,gender,0.922516,0.0004967342284965924,Q1_high_output_low_internal
105874,goodreads,gender,0.690228,0.0007799106591354122,Q4_low_output_high_internal
105935,goodreads,gender,0.825212,0.0006228290721417621,Q2_high_output_high_internal
10596,goodreads,gender,0.746533,0.00037355453074647054,Q1_high_output_low_internal
106167,goodreads,gender,1.0,0.00039393048442206585,Q1_high_output_low_internal
106195,goodreads,gender,0.584374,0.00045766041397911957,Q3_low_output_low_internal
10620,goodreads,gender,0.906971,0.0004567476160288684,Q1_high_output_low_internal
106237,goodreads,gender,0.81762,0.0004975937825752659,Q1_high_output_low_internal
106313,goodreads,gender,0.757614,0.0004974891303528553,Q1_high_output_low_internal
106381,goodreads,gender,1.0,0.0004925836120815689,Q1_high_output_low_internal
1064,goodreads,gender,0.961258,0.0004992544122814863,Q1_high_output_low_internal
106409,goodreads,gender,0.499661,0.0004733311600072248,Q3_low_output_low_internal
106422,goodreads,gender,0.292842,0.0008767872102756581,Q4_low_output_high_internal
106429,goodreads,gender,0.633878,0.000490831195748691,Q3_low_output_low_internal
106433,goodreads,gender,0.638969,0.0007203006087148562,Q4_low_output_high_internal
106635,goodreads,gender,0.530895,0.0006370990650283677,Q4_low_output_high_internal
106932,goodreads,gender,1.0,0.0004099704797510185,Q1_high_output_low_internal
106985,goodreads,gender,0.584374,0.0012632673769989874,Q4_low_output_high_internal
10701,goodreads,gender,0.904162,0.0006306100601252533,Q2_high_output_high_internal
107018,goodreads,gender,0.710689,0.0004792600508377486,Q3_low_output_low_internal
107127,goodreads,gender,0.617886,0.0005139956229882217,Q3_low_output_low_internal
107144,goodreads,gender,1.0,0.00048520184048158265,Q1_high_output_low_internal
107223,goodreads,gender,0.862845,0.0005926640942510812,Q2_high_output_high_internal
107236,goodreads,gender,0.643977,0.000557940656748853,Q4_low_output_high_internal
107471,goodreads,gender,0.524372,0.00041127886874425096,Q3_low_output_low_internal
107514,goodreads,gender,0.574336,0.0004358900750871833,Q3_low_output_low_internal
107605,goodreads,gender,0.440289,0.000579856415744035,Q4_low_output_high_internal
107683,goodreads,gender,0.642832,0.0004739841534764375,Q3_low_output_low_internal
107747,goodreads,gender,1.0,0.0004020915079504969,Q1_high_output_low_internal
107838,goodreads,gender,0.644661,0.0003892847790623355,Q3_low_output_low_internal
107856,goodreads,gender,0.665246,0.0006798013854134475,Q4_low_output_high_internal
107871,goodreads,gender,1.0,0.00041836331973916076,Q1_high_output_low_internal
107892,goodreads,gender,0.878991,0.0004789883680206402,Q1_high_output_low_internal
107978,goodreads,gender,0.582719,0.0005555418140806488,Q4_low_output_high_internal
108088,goodreads,gender,0.471186,0.00047143809075754614,Q3_low_output_low_internal
108185,goodreads,gender,0.546715,0.0005573025336330685,Q4_low_output_high_internal
108198,goodreads,gender,0.636687,0.0005218953458605312,Q3_low_output_low_internal
108228,goodreads,gender,0.950496,0.000553380077782078,Q2_high_output_high_internal
108239,goodreads,gender,1.0,0.0007201385597382661,Q2_high_output_high_internal
10824,goodreads,gender,0.538403,0.0007231462188742995,Q4_low_output_high_internal
108298,goodreads,gender,0.178668,0.0005450605199590793,Q4_low_output_high_internal
108646,goodreads,gender,0.683403,0.00042942025964788443,Q3_low_output_low_internal
108878,goodreads,gender,1.0,0.0004361949168076501,Q1_high_output_low_internal
10893,goodreads,gender,0.961258,0.0006400003762280445,Q2_high_output_high_internal
109026,goodreads,gender,1.0,0.0006695392058930406,Q2_high_output_high_internal
109042,goodreads,gender,0.725819,0.00039553201594977176,Q3_low_output_low_internal
100086,goodreads,race,0.780212,0.0004648550699322407,Q1_high_output_low_internal
100174,goodreads,race,1.0,0.0007026491993000483,Q2_high_output_high_internal
100185,goodreads,race,0.631432,0.0005525933531350391,Q3_low_output_low_internal
100273,goodreads,race,1.0,0.0006668073039739764,Q2_high_output_high_internal
100389,goodreads,race,0.690974,0.0005506953615727617,Q3_low_output_low_internal
10052,goodreads,race,0.7937,0.0004461734419422547,Q1_high_output_low_internal
100548,goodreads,race,0.649657,0.0005383656544024618,Q3_low_output_low_internal
100649,goodreads,race,0.729716,0.0005431871485758744,Q3_low_output_low_internal
100809,goodreads,race,0.764266,0.0007479284911190986,Q2_high_output_high_internal
100960,goodreads,race,0.656403,0.00047413688685771227,Q3_low_output_low_internal
101104,goodreads,race,0.739389,0.0005089152416492548,Q3_low_output_low_internal
101155,goodreads,race,0.616186,0.0005178887333235349,Q3_low_output_low_internal
101510,goodreads,race,0.537309,0.00047267726493227524,Q3_low_output_low_internal
101527,goodreads,race,0.81932,0.0006360101385767258,Q2_high_output_high_internal
101621,goodreads,race,0.592561,0.0006209534899057623,Q4_low_output_high_internal
101635,goodreads,race,0.428748,0.0006480072464551678,Q4_low_output_high_internal
101896,goodreads,race,0.565337,0.0004997227967360462,Q3_low_output_low_internal
101985,goodreads,race,1.0,0.0005786610903339429,Q2_high_output_high_internal
102022,goodreads,race,0.57704,0.0006847331115516775,Q4_low_output_high_internal
102129,goodreads,race,0.754169,0.000460490878346681,Q1_high_output_low_internal
102368,goodreads,race,0.81347,0.0005947338976276251,Q2_high_output_high_internal
102393,goodreads,race,1.0,0.0005565064620018656,Q1_high_output_low_internal
102482,goodreads,race,0.399548,0.0004601682812628016,Q3_low_output_low_internal
102486,goodreads,race,0.786191,0.0007454658026492533,Q2_high_output_high_internal
102594,goodreads,race,0.874716,0.0005095614240575308,Q1_high_output_low_internal
102752,goodreads,race,0.741805,0.0004809302066173249,Q1_high_output_low_internal
102928,goodreads,race,0.730625,0.0008758917089710383,Q4_low_output_high_internal
102986,goodreads,race,0.764253,0.0006425941756739717,Q2_high_output_high_internal
102994,goodreads,race,0.606147,0.0005406051097684161,Q3_low_output_low_internal
103038,goodreads,race,0.798483,0.0006884355419695953,Q2_high_output_high_internal
103370,goodreads,race,0.866126,0.00047948836157560293,Q1_high_output_low_internal
103443,goodreads,race,0.44091,0.0005927214681863413,Q4_low_output_high_internal
103596,goodreads,race,0.622058,0.0005447171874798373,Q3_low_output_low_internal
103601,goodreads,race,0.706007,0.000541253482420484,Q3_low_output_low_internal
103995,goodreads,race,0.933063,0.0005374892681292154,Q1_high_output_low_internal
104007,goodreads,race,0.933063,0.0006411468299469258,Q2_high_output_high_internal
104009,goodreads,race,0.376544,0.0005292597327296311,Q3_low_output_low_internal
104061,goodreads,race,0.561411,0.000751221032430277,Q4_low_output_high_internal
104157,goodreads,race,0.619869,0.00043137320707054005,Q3_low_output_low_internal
104203,goodreads,race,0.764561,0.00054230537857472,Q1_high_output_low_internal
104321,goodreads,race,0.680791,0.0005593566707994546,Q3_low_output_low_internal
104517,goodreads,race,1.0,0.0006205153525677687,Q2_high_output_high_internal
104530,goodreads,race,0.786191,0.0007148438473798535,Q2_high_output_high_internal
104533,goodreads,race,1.0,0.00047510809693368516,Q1_high_output_low_internal
104937,goodreads,race,0.492494,0.0005897427294576929,Q4_low_output_high_internal
105014,goodreads,race,0.956475,0.0007237106434787866,Q2_high_output_high_internal
105037,goodreads,race,0.770736,0.0006538452456747168,Q2_high_output_high_internal
105067,goodreads,race,0.732906,0.0006794759416106355,Q4_low_output_high_internal
105104,goodreads,race,0.860637,0.0005517861678675795,Q1_high_output_low_internal
105141,goodreads,race,0.720587,0.0008099162231290646,Q4_low_output_high_internal
105314,goodreads,race,0.661422,0.0006055674256827959,Q4_low_output_high_internal
105388,goodreads,race,0.623416,0.0005566121692739956,Q3_low_output_low_internal
105590,goodreads,race,0.889538,0.0005789675266614225,Q2_high_output_high_internal
105683,goodreads,race,0.488597,0.000468260236802992,Q3_low_output_low_internal
105733,goodreads,race,0.906971,0.0005807540122571286,Q2_high_output_high_internal
105874,goodreads,race,0.752511,0.0005656718714986408,Q1_high_output_low_internal
105935,goodreads,race,0.933063,0.0006304804628248228,Q2_high_output_high_internal
10596,goodreads,race,0.647449,0.0004922621079685163,Q3_low_output_low_internal
106167,goodreads,race,1.0,0.0005449815512917899,Q1_high_output_low_internal
106195,goodreads,race,0.544381,0.0006170478170537674,Q4_low_output_high_internal
10620,goodreads,race,0.729095,0.0006017475637788983,Q4_low_output_high_internal
106237,goodreads,race,0.901716,0.0005379565224779836,Q1_high_output_low_internal
106313,goodreads,race,0.68463,0.0006889944412625804,Q4_low_output_high_internal
106381,goodreads,race,1.0,0.0007527841716012396,Q2_high_output_high_internal
1064,goodreads,race,0.597945,0.0006105358368014013,Q4_low_output_high_internal
106409,goodreads,race,0.678147,0.0005728903910725003,Q3_low_output_low_internal
106422,goodreads,race,1.0,0.0006073409470741531,Q2_high_output_high_internal
106429,goodreads,race,0.515678,0.0005152661271562164,Q3_low_output_low_internal
106433,goodreads,race,1.0,0.0006269289224774821,Q2_high_output_high_internal
106635,goodreads,race,0.617437,0.0004993765544784035,Q3_low_output_low_internal
106932,goodreads,race,0.950496,0.0004713664502543069,Q1_high_output_low_internal
106985,goodreads,race,0.756374,0.0007166477990458997,Q2_high_output_high_internal
10701,goodreads,race,1.0,0.000666450440639732,Q2_high_output_high_internal
107018,goodreads,race,0.875967,0.0005846127856281857,Q2_high_output_high_internal
107127,goodreads,race,0.582099,0.0005548836736981033,Q3_low_output_low_internal
107144,goodreads,race,0.874208,0.0006587278731659263,Q2_high_output_high_internal
107223,goodreads,race,0.729716,0.0006147317375946038,Q4_low_output_high_internal
107236,goodreads,race,0.601869,0.0004683029184048282,Q3_low_output_low_internal
107471,goodreads,race,0.524372,0.000605354186090673,Q4_low_output_high_internal
107514,goodreads,race,0.780212,0.0007339649724473207,Q2_high_output_high_internal
107605,goodreads,race,0.574039,0.000534243589521588,Q3_low_output_low_internal
107683,goodreads,race,0.764561,0.0005147386036517265,Q1_high_output_low_internal
107747,goodreads,race,1.0,0.0005928960320479293,Q2_high_output_high_internal
107838,goodreads,race,1.0,0.0005481055428101789,Q1_high_output_low_internal
107856,goodreads,race,0.889538,0.0006784594158403545,Q2_high_output_high_internal
107871,goodreads,race,0.752511,0.000532675298018287,Q1_high_output_low_internal
107892,goodreads,race,0.811133,0.0005535834424121588,Q1_high_output_low_internal
107978,goodreads,race,0.956475,0.0005747569354913884,Q2_high_output_high_internal
108088,goodreads,race,0.480399,0.0004956405992764534,Q3_low_output_low_internal
108185,goodreads,race,0.731432,0.0004442458046204911,Q3_low_output_low_internal
108198,goodreads,race,0.752511,0.0006428887379802128,Q2_high_output_high_internal
108228,goodreads,race,0.649315,0.0005115898727101331,Q3_low_output_low_internal
108239,goodreads,race,0.835974,0.0006310091815993346,Q2_high_output_high_internal
10824,goodreads,race,0.690974,0.0006917640649713175,Q4_low_output_high_internal
108298,goodreads,race,0.266122,0.0005929260266460123,Q4_low_output_high_internal
108646,goodreads,race,0.719336,0.0005618375744555759,Q3_low_output_low_internal
108878,goodreads,race,0.901716,0.0005254691207451367,Q1_high_output_low_internal
10893,goodreads,race,0.472661,0.0005904163081378033,Q4_low_output_high_internal
109026,goodreads,race,0.362706,0.0005384194588479996,Q3_low_output_low_internal
109042,goodreads,race,0.41409,0.000583562140106797,Q4_low_output_high_internal
1,movielens,age,0.6032326079110082,0.004284643609137774,Q1_high_output_low_internal
2,movielens,age,0.6487002394143488,0.009906541867532438,Q2_high_output_high_internal
3,movielens,age,0.8914470411016582,0.005806751000039415,Q1_high_output_low_internal
4,movielens,age,0.584792529977568,0.004447031807672576,Q1_high_output_low_internal
5,movielens,age,0.9282915115340491,0.01527541690640268,Q2_high_output_high_internal
6,movielens,age,0.5992652199957194,0.004474854067427333,Q1_high_output_low_internal
7,movielens,age,0.5005209144642482,0.007920369115382448,Q3_low_output_low_internal
8,movielens,age,1.0,0.00695310403570725,Q1_high_output_low_internal
9,movielens,age,0.6532698857902055,0.00856054729435423,Q2_high_output_high_internal
10,movielens,age,0.4023701620795329,0.008091575312032704,Q3_low_output_low_internal
11,movielens,age,0.5411900706967085,0.007599865881152153,Q3_low_output_low_internal
12,movielens,age,0.8474339897689166,0.011077920043461635,Q2_high_output_high_internal
13,movielens,age,0.5559041553582958,0.007546399394399073,Q1_high_output_low_internal
14,movielens,age,0.48651999520144074,0.01668542462103365,Q4_low_output_high_internal
15,movielens,age,0.6385558011286181,0.00918255241749449,Q2_high_output_high_internal
16,movielens,age,0.8833943433142688,0.006246599832985857,Q1_high_output_low_internal
17,movielens,age,0.6035780593958853,0.006317400103701882,Q1_high_output_low_internal
18,movielens,age,0.2775511727251647,0.0044447660776768295,Q3_low_output_low_internal
19,movielens,age,0.24233145038431725,0.011022070717825478,Q4_low_output_high_internal
20,movielens,age,0.43064559553599924,0.024007923112195906,Q4_low_output_high_internal
21,movielens,age,0.0059482214754180696,0.00648405604051383,Q3_low_output_low_internal
22,movielens,age,0.041710985160956615,0.008496711436868634,Q4_low_output_high_internal
23,movielens,age,0.6110653896249575,0.007987428346511487,Q1_high_output_low_internal
24,movielens,age,0.6044284195183318,0.010516079032371464,Q2_high_output_high_internal
25,movielens,age,0.39622435074430107,0.009062407003076513,Q4_low_output_high_internal
26,movielens,age,0.5898095303411962,0.009784906917256846,Q2_high_output_high_internal
27,movielens,age,0.6385558011286181,0.00881317368293922,Q2_high_output_high_internal
28,movielens,age,0.2772943657494741,0.011246890229508463,Q4_low_output_high_internal
29,movielens,age,0.5691716409717631,0.010534145804374036,Q2_high_output_high_internal
30,movielens,age,0.48057177372602256,0.008241206123349998,Q4_low_output_high_internal
31,movielens,age,0.0059482214754180696,0.005847003698087761,Q3_low_output_low_internal
32,movielens,age,0.7787736728614054,0.015519986735461466,Q2_high_output_high_internal
33,movielens,age,0.041710985160956615,0.0022477012956204634,Q3_low_output_low_internal
34,movielens,age,0.13756765278808092,0.00942886430856869,Q4_low_output_high_internal
35,movielens,age,0.1586971928013755,0.009107399088366677,Q4_low_output_high_internal
36,movielens,age,0.5125732004543415,0.005475190365627124,Q3_low_output_low_internal
37,movielens,age,0.875430188808911,0.011802893141862792,Q2_high_output_high_internal
38,movielens,age,0.7827974802290456,0.01135110956784871,Q2_high_output_high_internal
39,movielens,age,1.0,0.010800198430988157,Q2_high_output_high_internal
40,movielens,age,0.5436971624980422,0.00839645582755067,Q4_low_output_high_internal
41,movielens,age,0.43841196257890724,0.006894030739095511,Q3_low_output_low_internal
42,movielens,age,0.7853417246115814,0.006741160897960386,Q1_high_output_low_internal
43,movielens,age,0.23870755721799486,0.006579040738088195,Q3_low_output_low_internal
44,movielens,age,0.11178409155165547,0.011476200635935806,Q4_low_output_high_internal
45,movielens,age,1.0,0.008022596788587032,Q1_high_output_low_internal
46,movielens,age,1.0,0.014512056314704598,Q2_high_output_high_internal
47,movielens,age,0.16714291567813078,0.010601987629703526,Q4_low_output_high_internal
48,movielens,age,0.7622333077740682,0.006016603044582545,Q1_high_output_low_internal
49,movielens,age,0.23493338321999047,0.011042743842601899,Q4_low_output_high_internal
50,movielens,age,0.3772782876718914,0.009231424535627955,Q4_low_output_high_internal
51,movielens,age,0.8611800913828244,0.007057973684063377,Q1_high_output_low_internal
52,movielens,age,0.4427930770105444,0.007608435625932248,Q3_low_output_low_internal
53,movielens,age,0.9306158398431449,0.008103735209918014,Q1_high_output_low_internal
54,movielens,age,0.8328123993037366,0.0078118674998804965,Q1_high_output_low_internal
55,movielens,age,0.32684019058744596,0.014603895724046577,Q4_low_output_high_internal
56,movielens,age,0.4617761962886753,0.005909323649817832,Q3_low_output_low_internal
57,movielens,age,0.39596754376861054,0.008198461701815558,Q4_low_output_high_internal
58,movielens,age,1.0,0.005620349570291873,Q1_high_output_low_internal
59,movielens,age,0.2436729692781574,0.009261984314151438,Q4_low_output_high_internal
60,movielens,age,0.6385558011286181,0.008930872310575929,Q2_high_output_high_internal
61,movielens,age,0.1859898168425862,0.00754225928729398,Q3_low_output_low_internal
62,movielens,age,0.2918256869188236,0.012343602376151326,Q4_low_output_high_internal
63,movielens,age,0.5364666392446606,0.011804108856120318,Q4_low_output_high_internal
64,movielens,age,0.7858477097505512,0.007181966759711317,Q1_high_output_low_internal
65,movielens,age,0.5701542527843824,0.005898938586833559,Q1_high_output_low_internal
66,movielens,age,0.3526950224132185,0.006886802141987351,Q3_low_output_low_internal
67,movielens,age,1.0,0.013825095897449919,Q2_high_output_high_internal
68,movielens,age,0.7693248723188342,0.008438427376771232,Q2_high_output_high_internal
69,movielens,age,0.041710985160956615,0.004724365767245144,Q3_low_output_low_internal
70,movielens,age,0.25606292323328494,0.0074071975146829,Q3_low_output_low_internal
71,movielens,age,0.5305184177692425,0.00568642813941913,Q3_low_output_low_internal
72,movielens,age,0.8831967534544551,0.014807089983409679,Q2_high_output_high_internal
73,movielens,age,0.07765670994136908,0.0027550191421608257,Q3_low_output_low_internal
74,movielens,age,0.6667201348959104,0.008444308366330162,Q2_high_output_high_internal
75,movielens,age,0.2163803452369466,0.018283436287717166,Q4_low_output_high_internal
76,movielens,age,0.5139859899375292,0.010657290043314614,Q4_low_output_high_internal
77,movielens,age,0.12507579633005894,0.011420560476407483,Q4_low_output_high_internal
78,movielens,age,0.24431032720853585,0.007395543313493042,Q3_low_output_low_internal
79,movielens,age,0.5080473588621075,0.005233875229264934,Q3_low_output_low_internal
80,movielens,age,0.5402639031058605,0.011018375997849956,Q4_low_output_high_internal
81,movielens,age,1.0,0.0062946429994733735,Q1_high_output_low_internal
82,movielens,age,0.2553126052533031,0.007200354950804254,Q3_low_output_low_internal
83,movielens,age,0.028419280382553258,0.010492660955727533,Q4_low_output_high_internal
84,movielens,age,0.07583836677124312,0.009482261921689127,Q4_low_output_high_internal
85,movielens,age,0.6385558011286181,0.01586639646189749,Q2_high_output_high_internal
86,movielens,age,0.652719215633103,0.008390691865752465,Q2_high_output_high_internal
87,movielens,age,1.0,0.0107768737409839,Q2_high_output_high_internal
88,movielens,age,0.6253399038186164,0.004240054398675504,Q1_high_output_low_internal
89,movielens,age,0.9015251408823683,0.0072778599891156915,Q1_high_output_low_internal
90,movielens,age,2.220446049250313e-16,0.004806479424236274,Q3_low_output_low_internal
91,movielens,age,0.5840666287651584,0.009076254366571624,Q2_high_output_high_internal
92,movielens,age,0.6326075796532,0.006110782884923746,Q1_high_output_low_internal
93,movielens,age,0.543516259366234,0.002786308655891461,Q3_low_output_low_internal
94,movielens,age,0.5614146667262154,0.009703547001760257,Q2_high_output_high_internal
95,movielens,age,0.4031551840323385,0.007701138581499202,Q3_low_output_low_internal
96,movielens,age,0.6227217123281088,0.006307792659184689,Q1_high_output_low_internal
97,movielens,age,0.5346140816909086,0.006742961606040543,Q3_low_output_low_internal
98,movielens,age,1.0,0.01000018303170505,Q2_high_output_high_internal
99,movielens,age,0.8680867055059257,0.007692711273307602,Q1_high_output_low_internal
100,movielens,age,0.5686656558327934,0.005700162874403253,Q1_high_output_low_internal
1,movielens,gender,2.220446049250313e-16,0.0033085293946768565,Q3_low_output_low_internal
2,movielens,gender,2.220446049250313e-16,0.002417358344952476,Q3_low_output_low_internal
3,movielens,gender,0.4433866301573002,0.023675294278683576,Q2_high_output_high_internal
4,movielens,gender,0.3971311550885188,0.012162476767891197,Q4_low_output_high_internal
5,movielens,gender,0.6385558011286181,0.015381236142482022,Q2_high_output_high_internal
6,movielens,gender,0.27258576066500206,0.001072574370430917,Q3_low_output_low_internal
7,movielens,gender,2.220446049250313e-16,0.0033542475892545994,Q3_low_output_low_internal
8,movielens,gender,2.220446049250313e-16,0.0009439274751582433,Q3_low_output_low_internal
9,movielens,gender,0.43064559553599924,0.01049765619377922,Q2_high_output_high_internal
10,movielens,gender,0.013291704778403357,0.011034986534357867,Q4_low_output_high_internal
11,movielens,gender,0.4997358925114427,0.003298317564877782,Q1_high_output_low_internal
12,movielens,gender,0.1752200302330924,0.0023242023919102933,Q3_low_output_low_internal
13,movielens,gender,2.220446049250313e-16,0.001471293824026991,Q3_low_output_low_internal
14,movielens,gender,2.220446049250313e-16,0.0026249822027516103,Q3_low_output_low_internal
15,movielens,gender,0.5411900706967085,0.0011675843672608842,Q1_high_output_low_internal
16,movielens,gender,0.3467301142097946,0.015347767279710012,Q4_low_output_high_internal
17,movielens,gender,0.3055697992059404,0.005496131038685443,Q4_low_output_high_internal
18,movielens,gender,0.07583836677124312,0.010638949678925013,Q4_low_output_high_internal
19,movielens,gender,0.019239926253821538,0.008073005713102765,Q4_low_output_high_internal
20,movielens,gender,1.0,0.0017795209537193044,Q1_high_output_low_internal
21,movielens,gender,0.6385558011286181,0.00283024981576354,Q1_high_output_low_internal
22,movielens,gender,0.6385558011286181,0.0015362298472981855,Q1_high_output_low_internal
23,movielens,gender,0.20791020559261897,0.007252167957542403,Q4_low_output_high_internal
24,movielens,gender,0.05772783745370391,0.009937920353485473,Q4_low_output_high_internal
25,movielens,gender,0.027981570275054657,0.0026092272261233128,Q3_low_output_low_internal
26,movielens,gender,0.0073434833029852875,0.002130368019245025,Q3_low_output_low_internal
27,movielens,gender,0.0073434833029852875,0.010587979177280849,Q4_low_output_high_internal
28,movielens,gender,0.0059482214754180696,0.016900242746994767,Q4_low_output_high_internal
29,movielens,gender,0.0059482214754180696,0.004532519778932419,Q4_low_output_high_internal
30,movielens,gender,2.220446049250313e-16,0.0038145332881888245,Q3_low_output_low_internal
31,movielens,gender,2.220446049250313e-16,0.0018507743671028767,Q3_low_output_low_internal
32,movielens,gender,1.0,0.01034363878312517,Q2_high_output_high_internal
33,movielens,gender,0.6385558011286181,0.01321488079245124,Q2_high_output_high_internal
34,movielens,gender,0.6385558011286181,0.0013350238439440005,Q1_high_output_low_internal
35,movielens,gender,0.6385558011286181,0.011292002449217582,Q2_high_output_high_internal
36,movielens,gender,0.4841714477274087,0.006070461906267062,Q2_high_output_high_internal
37,movielens,gender,0.4120944179133852,0.003100717655223578,Q3_low_output_low_internal
38,movielens,gender,0.3814081659771834,0.004471446483579777,Q4_low_output_high_internal
39,movielens,gender,0.043529328331082806,0.00511168570729361,Q4_low_output_high_internal
40,movielens,gender,1.0,0.005077917887540025,Q2_high_output_high_internal
41,movielens,gender,1.0,0.0030127344204616733,Q1_high_output_low_internal
42,movielens,gender,0.6954332784598756,0.006558640349006205,Q2_high_output_high_internal
43,movielens,gender,0.6385558011286181,0.009235692535518897,Q2_high_output_high_internal
44,movielens,gender,0.43064559553599924,0.015199151790182802,Q2_high_output_high_internal
45,movielens,gender,0.3332798651040896,0.012095089054979895,Q4_low_output_high_internal
46,movielens,gender,0.2553292919813086,0.0021116414858530046,Q3_low_output_low_internal
47,movielens,gender,0.19445995648691394,0.003223365242502531,Q3_low_output_low_internal
48,movielens,gender,1.0,0.0140959406867663,Q2_high_output_high_internal
49,movielens,gender,1.0,0.0012117618251856349,Q1_high_output_low_internal
50,movielens,gender,1.0,0.0023348137478538798,Q1_high_output_low_internal
51,movielens,gender,0.9021965594605917,0.003477828980929832,Q1_high_output_low_internal
52,movielens,gender,0.6385558011286181,0.014931439627808579,Q2_high_output_high_internal
53,movielens,gender,0.4997358925114427,0.010696216692091807,Q2_high_output_high_internal
54,movielens,gender,0.43064559553599924,0.005911343995944712,Q2_high_output_high_internal
55,movielens,gender,0.3199881603256862,0.004738840803585945,Q4_low_output_high_internal
56,movielens,gender,0.12578501081446292,0.004360284501923795,Q3_low_output_low_internal
57,movielens,gender,0.10373413435920631,0.0015579373962932718,Q3_low_output_low_internal
58,movielens,gender,0.07583836677124312,0.004563101405311616,Q4_low_output_high_internal
59,movielens,gender,0.041710985160956615,0.004065973689172703,Q3_low_output_low_internal
60,movielens,gender,0.019239926253821538,0.003953152079527562,Q3_low_output_low_internal
61,movielens,gender,0.0059482214754180696,0.0032463738875985436,Q3_low_output_low_internal
62,movielens,gender,1.0,0.008761517890624675,Q2_high_output_high_internal
63,movielens,gender,1.0,0.0060783315802615335,Q2_high_output_high_internal
64,movielens,gender,1.0,0.0027039328225680827,Q1_high_output_low_internal
65,movielens,gender,1.0,0.002312128478115408,Q1_high_output_low_internal
66,movielens,gender,1.0,0.01091887576903388,Q2_high_output_high_internal
67,movielens,gender,1.0,0.007053930307484179,Q2_high_output_high_internal
68,movielens,gender,1.0,0.008917164061765315,Q2_high_output_high_internal
69,movielens,gender,1.0,0.002655344744909363,Q1_high_output_low_internal
70,movielens,gender,1.0,0.007258811498265738,Q2_high_output_high_internal
71,movielens,gender,1.0,0.0173144059023743,Q2_high_output_high_internal
72,movielens,gender,0.8199584046328319,0.001426409854628742,Q1_high_output_low_internal
73,movielens,gender,0.7428523648485652,0.001571943432321859,Q1_high_output_low_internal
74,movielens,gender,0.6508841857349713,0.0018401293340543304,Q1_high_output_low_internal
75,movielens,gender,0.6385558011286181,0.02361317357576393,Q2_high_output_high_internal
76,movielens,gender,0.6385558011286181,0.002410691563102885,Q1_high_output_low_internal
77,movielens,gender,0.6385558011286181,0.0022055898886933455,Q1_high_output_low_internal
78,movielens,gender,0.6385558011286181,0.009178227182898612,Q2_high_output_high_internal
79,movielens,gender,0.6385558011286181,0.013334150883021997,Q2_high_output_high_internal
80,movielens,gender,0.6385558011286181,0.017189081598028757,Q2_high_output_high_internal
81,movielens,gender,0.4997358925114427,0.003965097701577023,Q1_high_output_low_internal
82,movielens,gender,0.36187437654195,0.004478837385954191,Q4_low_output_high_internal
83,movielens,gender,0.2918256869188236,0.005302478833510224,Q4_low_output_high_internal
84,movielens,gender,0.2219355416229989,0.002167826773373175,Q3_low_output_low_internal
85,movielens,gender,0.19445995648691394,0.002473802071266451,Q3_low_output_low_internal
86,movielens,gender,0.14476813009259382,0.01095618866884318,Q4_low_output_high_internal
87,movielens,gender,0.0341273816102865,0.0035729049519595086,Q3_low_output_low_internal
88,movielens,gender,0.022471058907135077,0.0024001972163252222,Q3_low_output_low_internal
89,movielens,gender,0.013291704778403357,0.0069833008867472976,Q4_low_output_high_internal
90,movielens,gender,0.2506040001688311,0.0024065694261724,Q3_low_output_low_internal
91,movielens,gender,0.1586971928013755,0.0014802312656369146,Q3_low_output_low_internal
92,movielens,gender,0.041710985160956615,0.0064977061665442565,Q4_low_output_high_internal
93,movielens,gender,0.019239926253821538,0.003034848628099093,Q3_low_output_low_internal
94,movielens,gender,1.0,0.00460150706504317,Q2_high_output_high_internal
95,movielens,gender,1.0,0.0033228404557913644,Q1_high_output_low_internal
96,movielens,gender,1.0,0.00770698098210839,Q2_high_output_high_internal
97,movielens,gender,1.0,0.004215010061354947,Q1_high_output_low_internal
98,movielens,gender,0.8611800913828244,0.003934623518627849,Q1_high_output_low_internal
99,movielens,gender,0.6447383743997395,0.0015957223275253555,Q1_high_output_low_internal
100,movielens,gender,0.6385558011286181,0.004989552762018605,Q2_high_output_high_internal
1,movielens,race,1.0,0.00492270866857173,Q2_high_output_high_internal
2,movielens,race,1.0,0.002395294008876508,Q1_high_output_low_internal
3,movielens,race,0.8808724251453594,0.0017036381650376708,Q1_high_output_low_internal
4,movielens,race,1.0,0.008361953360919942,Q2_high_output_high_internal
5,movielens,race,1.0,0.019708987572234903,Q2_high_output_high_internal
6,movielens,race,0.7920897944073811,0.008938841749449762,Q2_high_output_high_internal
7,movielens,race,0.43064559553599924,0.004481712540737922,Q3_low_output_low_internal
8,movielens,race,1.0,0.00764768672381368,Q2_high_output_high_internal
9,movielens,race,1.0,0.008763875074145368,Q2_high_output_high_internal
10,movielens,race,0.8611800913828244,0.0017825485194345413,Q1_high_output_low_internal
11,movielens,race,0.4596602894257381,0.002378208669840498,Q3_low_output_low_internal
12,movielens,race,0.8048308290286821,0.00273551525722526,Q1_high_output_low_internal
13,movielens,race,0.4092592485470138,0.00859480854766291,Q4_low_output_high_internal
14,movielens,race,0.8611800913828244,0.01761195682683661,Q2_high_output_high_internal
15,movielens,race,0.9246676183677268,0.004579851746847798,Q1_high_output_low_internal
16,movielens,race,0.7306453719883116,0.003935570894738904,Q3_low_output_low_internal
17,movielens,race,1.0,0.003849430265881796,Q1_high_output_low_internal
18,movielens,race,0.9026342695680903,0.004460314971034938,Q1_high_output_low_internal
19,movielens,race,1.0,0.01296614096399773,Q2_high_output_high_internal
20,movielens,race,0.04007560308570457,0.008335794768395894,Q4_low_output_high_internal
21,movielens,race,1.0,0.007122039831973815,Q2_high_output_high_internal
22,movielens,race,0.38864827963056126,0.002419508597303134,Q3_low_output_low_internal
23,movielens,race,0.6385558011286181,0.005212788075360429,Q4_low_output_high_internal
24,movielens,race,0.6108085826492669,0.00436384842487505,Q3_low_output_low_internal
25,movielens,race,0.34471418117985486,0.012485328302038294,Q4_low_output_high_internal
26,movielens,race,1.0,0.011510666279856231,Q2_high_output_high_internal
27,movielens,race,0.6326075796532,0.011008581063391955,Q4_low_output_high_internal
28,movielens,race,0.7489416029956647,0.012739232864809075,Q4_low_output_high_internal
29,movielens,race,0.6385558011286181,0.003693698111137539,Q3_low_output_low_internal
30,movielens,race,0.38864074719363084,0.003674091350173057,Q3_low_output_low_internal
31,movielens,race,0.6385558011286181,0.004209884039681153,Q3_low_output_low_internal
32,movielens,race,0.9026342695680903,0.0051455158874618104,Q2_high_output_high_internal
33,movielens,race,0.27258576066500206,0.002393391688215435,Q3_low_output_low_internal
34,movielens,race,1.0,0.01906975647807062,Q2_high_output_high_internal
35,movielens,race,2.220446049250313e-16,0.001193329238798518,Q3_low_output_low_internal
36,movielens,race,1.0,0.0055298694189819305,Q2_high_output_high_internal
37,movielens,race,0.6385558011286181,0.004903681288150509,Q4_low_output_high_internal
38,movielens,race,1.0,0.01449226902904854,Q2_high_output_high_internal
39,movielens,race,0.7219037279670786,0.009524382737041877,Q4_low_output_high_internal
40,movielens,race,1.0,0.004448350690630708,Q1_high_output_low_internal
41,movielens,race,1.0,0.012308047261194376,Q2_high_output_high_internal
42,movielens,race,0.43173030745414886,0.006980192555714112,Q4_low_output_high_internal
43,movielens,race,0.9940517785245819,0.01091291135674713,Q2_high_output_high_internal
44,movielens,race,0.15091394142782566,0.0026178077814602166,Q3_low_output_low_internal
45,movielens,race,1.0,0.015817343602904106,Q2_high_output_high_internal
46,movielens,race,0.889342564789687,0.004020176690224828,Q1_high_output_low_internal
47,movielens,race,1.0,0.005585165308595345,Q2_high_output_high_internal
48,movielens,race,0.16173073559487539,0.0046675603181562265,Q3_low_output_low_internal
49,movielens,race,1.0,0.007368307785361972,Q2_high_output_high_internal
50,movielens,race,1.0,0.014863899893504007,Q2_high_output_high_internal
51,movielens,race,1.0,0.006311979059084138,Q2_high_output_high_internal
52,movielens,race,1.0,0.010307740111418039,Q2_high_output_high_internal
53,movielens,race,0.5000053389252821,0.0044675516453785025,Q3_low_output_low_internal
54,movielens,race,0.4656085109011562,0.006172371352378041,Q4_low_output_high_internal
55,movielens,race,1.0,0.006537620098906315,Q2_high_output_high_internal
56,movielens,race,1.0,0.007160414522182167,Q2_high_output_high_internal
57,movielens,race,0.6385558011286181,0.005958999850940372,Q4_low_output_high_internal
58,movielens,race,0.6385558011286181,0.009392122054466566,Q4_low_output_high_internal
59,movielens,race,0.9775289410928649,0.007894519507677295,Q2_high_output_high_internal
60,movielens,race,0.9867082952215965,0.003732196128892929,Q1_high_output_low_internal
61,movielens,race,0.1530573666051135,0.00483652563356766,Q4_low_output_high_internal
62,movielens,race,0.45239261359115435,0.0034384576983031694,Q3_low_output_low_internal
63,movielens,race,0.20134904295439493,0.0023046479175986953,Q3_low_output_low_internal
64,movielens,race,1.0,0.006224772839495821,Q2_high_output_high_internal
65,movielens,race,1.0,0.0016904584075304243,Q1_high_output_low_internal
66,movielens,race,1.0,0.012607834612607657,Q2_high_output_high_internal
67,movielens,race,0.7361558833562311,0.002381302950122558,Q3_low_output_low_internal
68,movielens,race,2.220446049250313e-16,0.0022498289529567636,Q3_low_output_low_internal
69,movielens,race,0.6670139980773223,0.0027245566122623037,Q3_low_output_low_internal
70,movielens,race,0.8611800913828244,0.003937927311912292,Q1_high_output_low_internal
71,movielens,race,1.0,0.004314131358571985,Q1_high_output_low_internal
72,movielens,race,1.0,0.00706113153236596,Q2_high_output_high_internal
73,movielens,race,1.0,0.0026230386012409466,Q1_high_output_low_internal
74,movielens,race,0.7863001172592646,0.004492691489042395,Q3_low_output_low_internal
75,movielens,race,0.4431374519940212,0.003134189734180986,Q3_low_output_low_internal
76,movielens,race,0.9182134117533389,0.001974905657060615,Q1_high_output_low_internal
77,movielens,race,0.18435443476733426,0.00472311063138112,Q3_low_output_low_internal
78,movielens,race,0.8611800913828244,0.004095013406892421,Q1_high_output_low_internal
79,movielens,race,0.6385558011286181,0.005335845332670402,Q4_low_output_high_internal
80,movielens,race,0.5521223525478799,0.0049691781075310755,Q4_low_output_high_internal
81,movielens,race,1.0,0.013626943392822527,Q2_high_output_high_internal
82,movielens,race,0.38200357948436914,0.002337652836034366,Q3_low_output_low_internal
83,movielens,race,0.12578501081446292,0.0037502634461307493,Q3_low_output_low_internal
84,movielens,race,0.45049846295262674,0.0020215216372709535,Q3_low_output_low_internal
85,movielens,race,0.7636705140248279,0.002625656481023148,Q3_low_output_low_internal
86,movielens,race,2.220446049250313e-16,0.0031682893293911232,Q3_low_output_low_internal
87,movielens,race,0.6193158748747967,0.004754838284524665,Q3_low_output_low_internal
88,movielens,race,0.8059944403485905,0.0038798984299885575,Q1_high_output_low_internal
89,movielens,race,0.2778003508884439,0.002737614954653334,Q3_low_output_low_internal
90,movielens,race,0.23845837905471579,0.003926942785305125,Q3_low_output_low_internal
91,movielens,race,0.5426124505798924,0.005012723254510479,Q4_low_output_high_internal
92,movielens,race,1.0,0.018568163202534717,Q2_high_output_high_internal
93,movielens,race,0.46992115269868606,0.002646113373801666,Q3_low_output_low_internal
94,movielens,race,1.0,0.009043575742471806,Q2_high_output_high_internal
95,movielens,race,0.05518565103423412,0.0019755644034486356,Q3_low_output_low_internal
96,movielens,race,0.7579624127970948,0.0028932041851812444,Q3_low_output_low_internal
97,movielens,race,0.6385558011286181,0.00700175089930361,Q4_low_output_high_internal
98,movielens,race,1.0,0.011291208363995985,Q2_high_output_high_internal
99,movielens,race,0.6385558011286181,0.008413253820975294,Q4_low_output_high_internal
100,movielens,race,0.9775289410928649,0.004559470021623152,Q1_high_output_low_internal
10003100,steam,age,0.4459288165767701,0.005894726992946148,Q2_high_output_high_internal
10031740,steam,age,0.24018502964915323,0.005699887589397023,Q4_low_output_high_internal
10033707,steam,age,0.2271501318464405,0.006982565352035972,Q4_low_output_high_internal
10038622,steam,age,0.5885943307178224,0.007841701210498486,Q2_high_output_high_internal
10039268,steam,age,0.29860181333670077,0.0034311709043803457,Q3_low_output_low_internal
10043793,steam,age,0.48055508699801686,0.004088375659608207,Q1_high_output_low_internal
10045969,steam,age,0.3680989335431598,0.003996288195828392,Q3_low_output_low_internal
10048223,steam,age,0.20421803739482536,0.0034954857366204985,Q3_low_output_low_internal
10052568,steam,age,0.2561145115367507,0.00507407209501379,Q4_low_output_high_internal
10056320,steam,age,0.22952820308926325,0.0054712168952621675,Q4_low_output_high_internal
10056799,steam,age,0.2858774654434053,0.003490426192637284,Q3_low_output_low_internal
10068797,steam,age,0.09665651594750568,0.0025053975136101244,Q3_low_output_low_internal
10072755,steam,age,0.13312849411744798,0.00461330273512408,Q4_low_output_high_internal
10073758,steam,age,2.220446049250313e-16,0.002202748281502304,Q3_low_output_low_internal
10078171,steam,age,0.6044284195183318,0.0028143760478149303,Q1_high_output_low_internal
10094540,steam,age,0.9867082952215965,0.00883016646663277,Q2_high_output_high_internal
10096975,steam,age,0.3329860019226778,0.004060789013185171,Q3_low_output_low_internal
1010762,steam,age,0.47322829042303727,0.004170321457737965,Q1_high_output_low_internal
10110014,steam,age,0.6451927712352439,0.004784798969045579,Q2_high_output_high_internal
10112156,steam,age,0.2627865762615126,0.004101389199112576,Q3_low_output_low_internal
10129320,steam,age,0.9940517785245819,0.005587402647903651,Q2_high_output_high_internal
10148853,steam,age,0.26460491943163844,0.004571193821037786,Q4_low_output_high_internal
10156924,steam,age,0.24991505393498747,0.003390630985699499,Q3_low_output_low_internal
10160815,steam,age,0.8959824730938888,0.004401678258561361,Q1_high_output_low_internal
10163265,steam,age,0.2965342920032956,0.004404210238924468,Q4_low_output_high_internal
10167556,steam,age,0.45004406611712233,0.006081600959087852,Q2_high_output_high_internal
10171374,steam,age,0.14476813009259382,0.0036560203786910853,Q3_low_output_low_internal
10191479,steam,age,0.7645235754353188,0.0029634980694882157,Q1_high_output_low_internal
10192522,steam,age,0.24440660053013386,0.004083609324776622,Q3_low_output_low_internal
1020139,steam,age,0.9867082952215965,0.0035387975396251356,Q1_high_output_low_internal
1020154,steam,age,0.3948828318504608,0.002977180941149074,Q1_high_output_low_internal
10207098,steam,age,0.30500443164762325,0.0034192568505663676,Q3_low_output_low_internal
10211285,steam,age,0.17206075413380462,0.005607586769010797,Q4_low_output_high_internal
10219422,steam,age,2.220446049250313e-16,0.0034380074315147726,Q3_low_output_low_internal
10223384,steam,age,0.7425585016671534,0.006962014186390752,Q2_high_output_high_internal
10234145,steam,age,0.11065743521031324,0.0033291695537824304,Q3_low_output_low_internal
10239675,steam,age,0.22334833110618635,0.0038192385367862595,Q3_low_output_low_internal
10251468,steam,age,0.8055400435130862,0.006130572970499369,Q2_high_output_high_internal
10254872,steam,age,0.22443304302433598,0.002923069425882043,Q3_low_output_low_internal
10260641,steam,age,0.42122882244762694,0.006626550313555084,Q2_high_output_high_internal
10271256,steam,age,0.5139859899375292,0.004789604097745027,Q2_high_output_high_internal
102757,steam,age,0.9113759135893233,0.006080543132301184,Q2_high_output_high_internal
10277565,steam,age,0.25606292323328494,0.003284451284951288,Q3_low_output_low_internal
10280985,steam,age,0.2563323696471246,0.0025007000298417157,Q3_low_output_low_internal
10314216,steam,age,0.5494257295789717,0.004024916119259831,Q1_high_output_low_internal
10314792,steam,age,0.25542556530290694,0.005397149793884829,Q4_low_output_high_internal
10319390,steam,age,0.4864441877330392,0.004810807435346965,Q2_high_output_high_internal
10323509,steam,age,0.2778966242100418,0.004804679673357117,Q4_low_output_high_internal
10341067,steam,age,1.0,0.0022839238668672986,Q1_high_output_low_internal
10343122,steam,age,0.619142504179919,0.010908311026963451,Q2_high_output_high_internal
10344752,steam,age,0.6660109204115064,0.004489037296232984,Q2_high_output_high_internal
10348939,steam,age,0.10260473742292375,0.006988775283264337,Q4_low_output_high_internal
10359103,steam,age,0.6953027907546514,0.008814093555087017,Q2_high_output_high_internal
10361320,steam,age,0.42399086086422133,0.0043129371225839415,Q1_high_output_low_internal
10361495,steam,age,0.7353950805683616,0.0044172795477042705,Q2_high_output_high_internal
10370453,steam,age,0.4594792899184491,0.0027398165882705364,Q1_high_output_low_internal
10372386,steam,age,0.049237429558815826,0.0077262670619818626,Q4_low_output_high_internal
10395621,steam,age,0.3055697992059404,0.0027397145740296527,Q3_low_output_low_internal
10400480,steam,age,0.7498852982421331,0.003984648730249063,Q1_high_output_low_internal
10413611,steam,age,0.6385558011286181,0.007588213691439383,Q2_high_output_high_internal
10414765,steam,age,0.041710985160956615,0.0037473461607174545,Q3_low_output_low_internal
10430476,steam,age,0.22805693619065814,0.004336293306619691,Q3_low_output_low_internal
10431229,steam,age,0.31874854393474006,0.0037446070205263073,Q3_low_output_low_internal
10433318,steam,age,0.14476813009259382,0.005091833951998324,Q4_low_output_high_internal
10440133,steam,age,0.6392445497598257,0.0041213136623196155,Q1_high_output_low_internal
10452202,steam,age,0.2638957049472346,0.006217434774099128,Q4_low_output_high_internal
10468162,steam,age,0.31736996883517854,0.005199011468124534,Q4_low_output_high_internal
10474922,steam,age,0.727414239334998,0.009730539882706439,Q2_high_output_high_internal
10476421,steam,age,0.6393408230814238,0.0029884983032512353,Q1_high_output_low_internal
10487601,steam,age,0.23759842853227287,0.004405962451283347,Q4_low_output_high_internal
10490248,steam,age,0.7986509570456052,0.007977554561684287,Q2_high_output_high_internal
10499883,steam,age,0.390276129268883,0.004913693981294447,Q2_high_output_high_internal
10500823,steam,age,0.383302316615711,0.003138680059539699,Q1_high_output_low_internal
10503332,steam,age,0.38035151068111117,0.004471295544900512,Q2_high_output_high_internal
10506256,steam,age,0.13193082214969476,0.0027863476181029904,Q3_low_output_low_internal
10512042,steam,age,0.29976542465660916,0.006856761552722251,Q4_low_output_high_internal
10524413,steam,age,0.16007576790093714,0.004195719723619748,Q3_low_output_low_internal
10526758,steam,age,0.5980675480279658,0.006175873712852484,Q2_high_output_high_internal
10529131,steam,age,0.4725151250242574,0.005274139228605338,Q2_high_output_high_internal
10544557,steam,age,0.680192742806122,0.00426586445366519,Q1_high_output_low_internal
10545632,steam,age,0.610136520746065,0.005295080870610813,Q2_high_output_high_internal
10549548,steam,age,0.5006942851591256,0.01016745147265542,Q2_high_output_high_internal
10568942,steam,age,0.491514931030394,0.0031471486037415296,Q1_high_output_low_internal
10031740,steam,gender,0.4919526411378927,0.002441490535611644,Q4_low_output_high_internal
10043793,steam,gender,0.7696187355002461,0.002044739346391285,Q4_low_output_high_internal
10045969,steam,gender,0.7520141913216766,0.002924665337713639,Q4_low_output_high_internal
10073758,steam,gender,0.9656324981420287,0.0011675196977918847,Q1_high_output_low_internal
10096975,steam,gender,0.9317452367794272,0.0035649965991566834,Q2_high_output_high_internal
10112156,steam,gender,0.8343795063475177,0.0024328668942039805,Q2_high_output_high_internal
10120437,steam,gender,0.3814081659771834,0.001119744884387971,Q3_low_output_low_internal
10129320,steam,gender,0.3398410277423136,0.004855528321932171,Q4_low_output_high_internal
10148160,steam,gender,0.6326075796532,0.0014702037301112555,Q3_low_output_low_internal
10148853,steam,gender,0.770231676663052,0.0013452514757832086,Q3_low_output_low_internal
10156924,steam,gender,0.9173241350647415,0.0018540281860069435,Q2_high_output_high_internal
10171374,steam,gender,0.6671578450034092,0.000880060356881767,Q3_low_output_low_internal
10172824,steam,gender,0.9642372363144615,0.004049388636377923,Q2_high_output_high_internal
10223384,steam,gender,0.9940517785245819,0.0044737210937513955,Q2_high_output_high_internal
10234145,steam,gender,0.7793935031361633,0.001133477303036159,Q3_low_output_low_internal
10271256,steam,gender,1.0,0.002303988212345882,Q2_high_output_high_internal
10431229,steam,gender,0.9599243969142955,0.0012031605325485257,Q1_high_output_low_internal
10468162,steam,gender,0.9775289410928649,0.001574117900183625,Q1_high_output_low_internal
10484648,steam,gender,0.35520025385412224,0.0010637121320816556,Q3_low_output_low_internal
10512042,steam,gender,0.5833701500943844,0.0028838601637950307,Q4_low_output_high_internal
10513390,steam,gender,0.5814484372746508,0.0032467965645264036,Q4_low_output_high_internal
10568942,steam,gender,0.9374533380071605,0.0011342538728307387,Q1_high_output_low_internal
10603558,steam,gender,0.827052709772538,0.0011008879901420457,Q1_high_output_low_internal
10603889,steam,gender,0.5763057036052348,0.0012645450927535238,Q3_low_output_low_internal
10673603,steam,gender,0.6803057028557258,0.002664064724981361,Q4_low_output_high_internal
10763509,steam,gender,0.8474486185338564,0.0031686378555191358,Q2_high_output_high_internal
10772607,steam,gender,0.9026342695680903,0.0022168219167191844,Q2_high_output_high_internal
10776152,steam,gender,0.9021965594605917,0.0030149532812953016,Q2_high_output_high_internal
10787171,steam,gender,0.6319798121228182,0.0015086339358133345,Q3_low_output_low_internal
10801089,steam,gender,0.5833797404943806,0.0036183375611469996,Q4_low_output_high_internal
10814020,steam,gender,0.8973952625770762,0.001549541625304718,Q1_high_output_low_internal
10838785,steam,gender,0.9775289410928649,0.0023148488286797286,Q2_high_output_high_internal
10928870,steam,gender,0.9867082952215965,0.0008796212124906246,Q1_high_output_low_internal
10981120,steam,gender,0.6385558011286181,0.0030747619480867476,Q4_low_output_high_internal
10981425,steam,gender,0.6190295441303153,0.0013592527721784653,Q3_low_output_low_internal
10997799,steam,gender,0.8478883866044209,0.0011229082370029632,Q1_high_output_low_internal
1101241,steam,gender,0.9658726183897136,0.002899580355125771,Q2_high_output_high_internal
11020876,steam,gender,0.9507625704411842,0.002148448231033067,Q2_high_output_high_internal
11038510,steam,gender,0.8680867055059257,0.005867745911366113,Q2_high_output_high_internal
11042730,steam,gender,0.9940517785245819,0.002265691878435912,Q2_high_output_high_internal
11050171,steam,gender,0.6986468834575688,0.0014759894665049781,Q3_low_output_low_internal
11084603,steam,gender,0.7520141913216766,0.0018695620403098396,Q4_low_output_high_internal
11094157,steam,gender,0.46404893629430555,0.0011538702441514417,Q3_low_output_low_internal
11100138,steam,gender,0.652719215633103,0.0016162383643208737,Q3_low_output_low_internal
111103,steam,gender,0.7974873457256968,0.002373497166369928,Q4_low_output_high_internal
11163062,steam,gender,0.8474486185338564,0.0011355875433064838,Q1_high_output_low_internal
11165599,steam,gender,0.8474486185338564,0.0023007186807496474,Q2_high_output_high_internal
11166583,steam,gender,0.4725393441891935,0.0013106902411319293,Q3_low_output_low_internal
11170966,steam,gender,0.6385558011286181,0.0011315344689299897,Q3_low_output_low_internal
11234030,steam,gender,0.5559041553582958,0.0012419944554476346,Q3_low_output_low_internal
11237207,steam,gender,0.444601829780674,0.002380058131961134,Q4_low_output_high_internal
11265390,steam,gender,0.8059944403485905,0.0018215394499015288,Q4_low_output_high_internal
11301337,steam,gender,0.868506887957804,0.002441971891630051,Q2_high_output_high_internal
11318439,steam,gender,0.8813784102843291,0.0013265624185999011,Q1_high_output_low_internal
11339720,steam,gender,0.7787980896289777,0.0016659671665850652,Q3_low_output_low_internal
11347688,steam,gender,0.6999407121619792,0.0014394137145198505,Q3_low_output_low_internal
11358544,steam,gender,0.546700582064628,0.0021028404207013335,Q4_low_output_high_internal
11360172,steam,gender,0.8625586664823859,0.0010098923241626044,Q1_high_output_low_internal
11385708,steam,gender,0.4937876710360245,0.0014369265115829312,Q3_low_output_low_internal
11395521,steam,gender,0.9715807196174469,0.0018905530856216104,Q2_high_output_high_internal
11409137,steam,gender,0.9715807196174469,0.0016361178250549455,Q1_high_output_low_internal
11417192,steam,gender,0.9807600737461785,0.0012694007232117387,Q1_high_output_low_internal
11427933,steam,gender,0.9374533380071605,0.0029248790419184835,Q2_high_output_high_internal
11432812,steam,gender,0.6603565621175,0.0011830869223295334,Q3_low_output_low_internal
11435400,steam,gender,0.8055400435130862,0.0014469490590690525,Q3_low_output_low_internal
1143629,steam,gender,0.8456156465987906,0.0012332417586057777,Q1_high_output_low_internal
11453049,steam,gender,0.21054508381113235,0.0018421260729396339,Q4_low_output_high_internal
11458260,steam,gender,0.8327441242722655,0.0014851928188859185,Q1_high_output_low_internal
1146215,steam,gender,0.7203813059414301,0.002858564318340912,Q4_low_output_high_internal
11495524,steam,gender,1.0,0.007647787789758916,Q2_high_output_high_internal
11526175,steam,gender,0.46397312882590414,0.0014000991762058742,Q3_low_output_low_internal
11532912,steam,gender,1.0,0.005087279166900215,Q2_high_output_high_internal
11533625,steam,gender,0.9033259563968741,0.003681490267028682,Q2_high_output_high_internal
11541816,steam,gender,0.4312585366988052,0.0015124412892219062,Q3_low_output_low_internal
1155644,steam,gender,0.41662025950561943,0.004341501571765208,Q4_low_output_high_internal
11565935,steam,gender,0.8140101831574138,0.0010643977070376761,Q1_high_output_low_internal
1156603,steam,gender,0.8973952625770762,0.002705757384574187,Q2_high_output_high_internal
11572809,steam,gender,0.6722530050683364,0.0015347598313038963,Q3_low_output_low_internal
11580429,steam,gender,0.6942863538679729,0.002196545046713858,Q4_low_output_high_internal
11597767,steam,gender,0.9867082952215965,0.0017750403678885827,Q1_high_output_low_internal
11598461,steam,gender,0.8533968400092745,0.0019108834227508158,Q2_high_output_high_internal
11610631,steam,gender,0.9106869673554797,0.001807900175930965,Q1_high_output_low_internal
10003100,steam,race,0.5000149293252785,0.0033527486105552227,Q3_low_output_low_internal
10031740,steam,race,0.2430406648687211,0.005024016723269657,Q4_low_output_high_internal
10038622,steam,race,0.8472510286740428,0.0039770407561637005,Q2_high_output_high_internal
10039268,steam,race,0.2991524834938033,0.001360978594917492,Q3_low_output_low_internal
10040909,steam,race,0.8749242036699412,0.0034248543648379677,Q1_high_output_low_internal
10043793,steam,race,0.2772943657494741,0.003618277271037701,Q4_low_output_high_internal
10045969,steam,race,0.38631641888453516,0.0027806803841190315,Q3_low_output_low_internal
10052568,steam,race,0.5766978877669862,0.004114683323085119,Q2_high_output_high_internal
10056320,steam,race,0.6884819793186415,0.004820697708571376,Q2_high_output_high_internal
10066600,steam,race,0.05659844051742158,0.0028551483161409178,Q3_low_output_low_internal
10068797,steam,race,0.9108699284503536,0.002972504950232664,Q1_high_output_low_internal
10073758,steam,race,0.535930597852498,0.003432419172447597,Q2_high_output_high_internal
10078171,steam,race,0.8478883866044209,0.0036172369577074995,Q2_high_output_high_internal
10094540,steam,race,0.7027767617628609,0.003233864868809589,Q1_high_output_low_internal
10096975,steam,race,0.022471058907135077,0.0030630121044340868,Q3_low_output_low_internal
10111544,steam,race,0.3955715804816683,0.006784377907806975,Q4_low_output_high_internal
10134334,steam,race,0.9246676183677268,0.003055554064329013,Q1_high_output_low_internal
10146007,steam,race,0.13283463093603654,0.00443531642537307,Q4_low_output_high_internal
10148853,steam,race,0.16130765425231652,0.0034049719757861434,Q3_low_output_low_internal
10159725,steam,race,0.43064559553599924,0.0031109209329353927,Q3_low_output_low_internal
10160815,steam,race,0.3314224764014515,0.0028890363461217903,Q3_low_output_low_internal
10163265,steam,race,0.2426398456634733,0.00436442264311754,Q4_low_output_high_internal
10171374,steam,race,0.0753323816322734,0.003822112279340204,Q4_low_output_high_internal
10172824,steam,race,0.4300949253788968,0.0044974865644948295,Q4_low_output_high_internal
10192522,steam,race,0.7579624127970948,0.0033649659562732023,Q1_high_output_low_internal
1020139,steam,race,0.8668715058825519,0.0022838016611014355,Q1_high_output_low_internal
1020154,steam,race,0.27817207950132306,0.0039491719507441835,Q4_low_output_high_internal
10207098,steam,race,0.12346068250536701,0.0031113261667016262,Q3_low_output_low_internal
10211285,steam,race,0.36073103347260194,0.002604955749197281,Q3_low_output_low_internal
10219422,steam,race,0.1742205340898313,0.0024299401689715505,Q3_low_output_low_internal
10223384,steam,race,0.29976542465660916,0.004592743866097433,Q4_low_output_high_internal
10234145,steam,race,0.11680324654554486,0.004624551691289298,Q4_low_output_high_internal
10239675,steam,race,0.8456156465987906,0.002627702248755585,Q1_high_output_low_internal
10254872,steam,race,0.22443304302433598,0.004457148620131149,Q4_low_output_high_internal
10271256,steam,race,0.20820406877403097,0.003911787504182932,Q4_low_output_high_internal
10277565,steam,race,0.2020582574387989,0.0040074563656452905,Q4_low_output_high_internal
10280985,steam,race,0.18805733817599157,0.002016492879665191,Q3_low_output_low_internal
10290645,steam,race,0.6600626989360883,0.0036171565370377943,Q2_high_output_high_internal
10314216,steam,race,1.0,0.002862973603325638,Q1_high_output_low_internal
10319390,steam,race,0.09553070053377799,0.0043646738209718984,Q4_low_output_high_internal
10323509,steam,race,0.8332501094112352,0.003042293744811189,Q1_high_output_low_internal
10329168,steam,race,0.4246973740605813,0.005757275100960042,Q4_low_output_high_internal
10335071,steam,race,0.19445995648691394,0.005021995347971385,Q4_low_output_high_internal
1033901,steam,race,0.836436292470059,0.0028992055155570456,Q1_high_output_low_internal
10341067,steam,race,0.4363388703961565,0.0033982660901802795,Q3_low_output_low_internal
10343122,steam,race,0.770231676663052,0.00704843016896862,Q2_high_output_high_internal
10344752,steam,race,0.786141572931963,0.0035868894618248954,Q2_high_output_high_internal
10348939,steam,race,0.786141572931963,0.0034232213908915623,Q1_high_output_low_internal
10359103,steam,race,0.4656085109011562,0.004167768022038992,Q4_low_output_high_internal
10361320,steam,race,0.8387090324756893,0.0033796358879044893,Q1_high_output_low_internal
10361495,steam,race,0.06394192382040687,0.00394112123448443,Q4_low_output_high_internal
10372386,steam,race,0.10260473742292375,0.0027236041748842895,Q3_low_output_low_internal
10395621,steam,race,0.09615053080853597,0.002811431933218424,Q3_low_output_low_internal
10400480,steam,race,1.0,0.007267093317738563,Q2_high_output_high_internal
10413611,steam,race,0.619142504179919,0.005298539125580931,Q2_high_output_high_internal
10430476,steam,race,0.8171963662162375,0.0038829963051231374,Q2_high_output_high_internal
10431229,steam,race,0.9166351888308978,0.0019660289189319456,Q1_high_output_low_internal
10433318,steam,race,0.1058358700762374,0.0025710300433897807,Q3_low_output_low_internal
10443311,steam,race,0.502884922989064,0.004703160040794398,Q2_high_output_high_internal
10452202,steam,race,0.1378615159694926,0.003950033394912869,Q4_low_output_high_internal
10468162,steam,race,0.5686656558327934,0.0016432097696372334,Q1_high_output_low_internal
10474922,steam,race,0.7423016946914629,0.006884176320832454,Q2_high_output_high_internal
10476421,steam,race,1.0,0.0018121897847793297,Q1_high_output_low_internal
10477621,steam,race,2.220446049250313e-16,0.0063267741643013905,Q4_low_output_high_internal
10487601,steam,race,0.5495015370473735,0.0018845548732590092,Q1_high_output_low_internal
10490248,steam,race,0.4656085109011562,0.005781385774164997,Q4_low_output_high_internal
10500823,steam,race,0.868506887957804,0.002491348984237332,Q1_high_output_low_internal
10503332,steam,race,0.777360883378218,0.0036889926191979294,Q2_high_output_high_internal
10506256,steam,race,0.29489890992804346,0.0023665068760700013,Q3_low_output_low_internal
10512042,steam,race,0.9807600737461785,0.009045038671146245,Q2_high_output_high_internal
10512177,steam,race,0.591825463371136,0.002932164029231938,Q1_high_output_low_internal
10526758,steam,race,0.63812562345805,0.0059864850887676145,Q2_high_output_high_internal
10529131,steam,race,0.8941641299237628,0.0036742249354126807,Q2_high_output_high_internal
10544557,steam,race,0.23870755721799486,0.0018028886632563764,Q3_low_output_low_internal
10545632,steam,race,0.5984801980429137,0.003928096644645525,Q2_high_output_high_internal
10545790,steam,race,0.6660109204115064,0.0045708156325016125,Q2_high_output_high_internal
10546136,steam,race,0.38611677106165543,0.004885107145624883,Q4_low_output_high_internal
10549548,steam,race,0.9867082952215965,0.006775050235370553,Q2_high_output_high_internal
1055328,steam,race,1.0,0.003707977639082868,Q2_high_output_high_internal
10568942,steam,race,0.9026342695680903,0.002878190325995569,Q1_high_output_low_internal
10574693,steam,race,1.0,0.0012992852865784175,Q1_high_output_low_internal
10579296,steam,race,0.8964884582328586,0.001929769457443188,Q1_high_output_low_internal
1058313,steam,race,0.10373413435920631,0.0019649386030227787,Q3_low_output_low_internal
10589119,steam,race,0.17269811206418284,0.002554699571733294,Q3_low_output_low_internal
10595682,steam,race,0.32451586227835016,0.0027341253764076954,Q3_low_output_low_internal
10603558,steam,race,0.8600367483134764,0.002843521821927808,Q1_high_output_low_internal
